{
  "citation": "",
  "description": "",
  "features": {
    "speaker": {
      "dtype": "string",
      "_type": "Value"
    },
    "play": {
      "dtype": "string",
      "_type": "Value"
    },
    "gender": {
      "dtype": "string",
      "_type": "Value"
    },
    "speech_chunk": {
      "dtype": "string",
      "_type": "Value"
    },
    "unique_id": {
      "dtype": "string",
      "_type": "Value"
    },
    "embedding": {
      "feature": {
        "dtype": "float64",
        "_type": "Value"
      },
      "_type": "Sequence"
    }
  },
  "homepage": "",
  "license": ""
}